DataJamID,Year,AnnualGas_kBtu
7,2010,45200
10,2010,21000
12,2010,35600
24,2010,35900
35,2010,57600
54,2010,39400
57,2010,75300
59,2010,40700
64,2010,55200
68,2010,45000
70,2010,31800
71,2010,37200
75,2010,39900
78,2010,64600
86,2010,51100
91,2010,58200
102,2010,23900
111,2010,37700
115,2010,20500
116,2010,28700
117,2010,35900
118,2010,38100
119,2010,66300
121,2010,28800
126,2010,33100
130,2010,8700
135,2010,55400
137,2010,57700
138,2010,22100
140,2010,53100
144,2010,17800
145,2010,62000
158,2010,26600
160,2010,51900
177,2010,41300
178,2010,66500
188,2010,45400
189,2010,35400
195,2010,12700
198,2010,87400
207,2010,16000
208,2010,49600
209,2010,57900
224,2010,38000
228,2010,73300
231,2010,17300
237,2010,44000
241,2010,22700
243,2010,24200
248,2010,14500
249,2010,32000
250,2010,17100
253,2010,7600
254,2010,23900
255,2010,79300
257,2010,27500
258,2010,56000
268,2010,24700
269,2010,49100
270,2010,63700
278,2010,27500
280,2010,25100
283,2010,32300
284,2010,37600
288,2010,40300
290,2010,21500
292,2010,28500
293,2010,35100
294,2010,20300
299,2010,37500
306,2010,28900
320,2010,25700
325,2010,27600
329,2010,27800
331,2010,51600
340,2010,64300
346,2010,33000
347,2010,45000
350,2010,74200
356,2010,90300
359,2010,21100
361,2010,50100
368,2010,76200
369,2010,18100
371,2010,25400
377,2010,8700
400,2010,30200
407,2010,24900
409,2010,26900
413,2010,21000
416,2010,23000
449,2010,8000
455,2010,37000
460,2010,22300
467,2010,38400
471,2010,20300
483,2010,46500
517,2010,62600
519,2010,53200
522,2010,49400
525,2010,20900
534,2010,30200
540,2010,31600
541,2010,35900
544,2010,28600
549,2010,10100
556,2010,35400
560,2010,17100
562,2010,56900
563,2010,33400
564,2010,39100
566,2010,36700
567,2010,78100
568,2010,70900
569,2010,30200
571,2010,39700
575,2010,39400
576,2010,30500
577,2010,64600
578,2010,24400
579,2010,24500
580,2010,25400
581,2010,12300
583,2010,5400
584,2010,10400
587,2010,13400
589,2010,11700
590,2010,40100
591,2010,6400
592,2010,9500
593,2010,35500
594,2010,14500
595,2010,45100
597,2010,17200
598,2010,8900
599,2010,32600
603,2010,48300
606,2010,47900
631,2010,34100
634,2010,67200
636,2010,14700
645,2010,46200
648,2010,54200
649,2010,54700
651,2010,29900
658,2010,21900
661,2010,28000
664,2010,46800
667,2010,71200
674,2010,65700
676,2010,5800
679,2010,13200
680,2010,65600
682,2010,39300
702,2010,36300
703,2010,44100
707,2010,6500
719,2010,24600
721,2010,24400
723,2010,31200
729,2010,27400
734,2010,10400
735,2010,78400
743,2010,69500
745,2010,27200
746,2010,40800
750,2010,35900
753,2010,83100
755,2010,48900
756,2010,67600
759,2010,17200
768,2010,34600
780,2010,33600
785,2010,65800
790,2010,35300
793,2010,66300
806,2010,96300
830,2010,53600
837,2010,86100
840,2010,52600
842,2010,36900
845,2010,47800
846,2010,65700
850,2010,50700
867,2010,55900
873,2010,14000
879,2010,39400
889,2010,48200
890,2010,50900
892,2010,47100
894,2010,37800
913,2010,35500
921,2010,22100
954,2010,35100
957,2010,38200
958,2010,50500
961,2010,61200
966,2010,36000
969,2010,58400
973,2010,19700
974,2010,29700
976,2010,29000
979,2010,55900
994,2010,25700
995,2010,44600
1002,2010,50500
1011,2010,51700
1025,2010,64300
1032,2010,64400
1033,2010,36700
1039,2010,20800
1040,2010,40300
1049,2010,28000
1054,2010,45500
1066,2010,15200
1068,2010,45500
1072,2010,29400
1079,2010,39900
1086,2010,84700
1090,2010,34300
1093,2010,8300
1105,2010,69200
1110,2010,39300
1116,2010,53200
1123,2010,77500
1129,2010,21100
1135,2010,28400
1138,2010,51100
1142,2010,38300
1143,2010,84200
1145,2010,41900
1154,2010,26900
1155,2010,141300
1163,2010,78400
1164,2010,68100
1170,2010,62700
1182,2010,54300
1183,2010,21200
1186,2010,42000
1189,2010,43200
1198,2010,73800
1202,2010,45800
1205,2010,38900
1210,2010,62000
1213,2010,53300
1214,2010,42800
1227,2010,37300
1232,2010,40200
1244,2010,42800
1252,2010,57100
1255,2010,70600
1262,2010,25600
1270,2010,20800
1275,2010,33700
1279,2010,36500
1280,2010,47200
1301,2010,76800
1303,2010,48000
1304,2010,37000
1305,2010,56900
1310,2010,45900
1315,2010,46200
1318,2010,47300
1321,2010,25500
1322,2010,38200
1328,2010,59600
1337,2010,54500
1347,2010,8400
1349,2010,42200
1350,2010,71300
1353,2010,31700
1354,2010,65500
1355,2010,51400
1357,2010,104800
1358,2010,71100
1359,2010,60200
1361,2010,70600
1362,2010,93900
1365,2010,53100
1366,2010,37100
1367,2010,27200
1384,2010,9100
1386,2010,21500
1389,2010,39600
1390,2010,52900
1391,2010,28600
1393,2010,39000
1395,2010,61500
1401,2010,30700
1412,2010,68600
1413,2010,14100
1420,2010,52900
1422,2010,5000
1423,2010,53400
1424,2010,24900
1431,2010,30900
1436,2010,59900
1460,2010,34600
1468,2010,89700
1478,2010,59200
1482,2010,40700
1497,2010,94400
1519,2010,33200
2202,2006,258587.7
2204,2006,215369.7
2206,2006,174621.3
2207,2006,171945.9
2208,2006,233377.2
2210,2006,207549.3
2365,2006,166595.1
2367,2006,112263.9
2368,2006,142825.2
2369,2006,73367.7
2370,2006,170196.6
2371,2006,129448.2
2373,2006,104855.1
2374,2006,172254.6
2375,2006,124406.1
2405,2006,96005.7
2406,2006,243770.1
2408,2006,133872.9
2409,2006,300570.9
2410,2006,258176.1
2412,2006,202918.8
2413,2006,121319.1
2414,2006,109279.8
2415,2006,235846.8
2417,2006,251384.7
2419,2006,175135.8
2420,2006,119775.6
2422,2006,125435.1
2423,2006,130785.9
2424,2006,145089
2425,2006,109485.6
2426,2006,209401.5
2427,2006,176782.2
2428,2006,173386.5
2430,2006,134490.3
2431,2006,170608.2
2432,2006,175032.9
2433,2006,118129.2
2434,2006,142928.1
2435,2006,308185.5
2436,2006,158877.6
2438,2006,226585.8
2439,2006,144574.5
2441,2006,204565.2
2442,2006,315697.2
2443,2006,107427.6
2447,2006,124200.3
2448,2006,211047.9
2449,2006,155481.9
2452,2006,163611
2453,2006,138812.1
2519,2006,133667.1
2521,2006,175444.5
2523,2006,147044.1
2524,2006,152600.7
2525,2006,130991.7
2526,2006,146015.1
2527,2006,98989.8
2528,2006,155379
2531,2006,170608.2
2532,2006,186454.8
2533,2006,193143.3
2534,2006,166492.2
2535,2006,169887.9
2536,2006,142722.3
2537,2006,125743.8
2538,2006,197362.2
2539,2006,150336.9
2541,2006,150954.3
2542,2006,125023.5
2543,2006,130991.7
2544,2006,104649.3
2545,2006,129036.6
2546,2006,77175
2547,2006,120907.5
2548,2006,210224.7
2550,2006,217324.8
2552,2006,173489.4
2553,2006,155584.8
2554,2006,158363.1
2555,2006,104649.3
2556,2006,97652.1
2560,2006,146941.2
2562,2006,283901.1
2576,2006,76043.1
2577,2006,133975.8
2580,2006,108147.9
2581,2006,121833.6
2582,2006,137783.1
2583,2006,103723.2
2658,2010,68900
2668,2010,46900
2693,2010,21900
2708,2010,37800
2713,2010,59400
2721,2010,34900
2734,2010,78500
2749,2010,46500
2754,2010,81700
2756,2010,82100
2763,2010,62800
2774,2010,11700
2784,2010,62400
2785,2010,9000
2810,2010,34500
2815,2010,76700
2817,2010,43900
2821,2010,71000
2830,2010,44500
2844,2010,42300
2848,2010,76600
2853,2010,51700
2856,2010,33300
2857,2010,19800
2859,2010,36400
2860,2010,87400
2868,2010,44800
2875,2010,12600
2909,2010,42800
2912,2010,49200
2919,2010,34400
2923,2010,39600
2926,2010,26800
2931,2010,52400
2934,2010,25200
2936,2010,39600
2940,2010,41200
2944,2010,44500
2958,2010,37000
2970,2010,27400
2971,2010,30200
2972,2010,25300
2983,2010,77900
2985,2010,56200
2987,2010,76100
2991,2010,34200
3006,2010,90200
3008,2010,40000
3012,2010,59200
3192,2010,65300
3194,2010,82400
3198,2010,47400
3202,2006,102385.5
3203,2006,122451
3204,2006,141384.6
3205,2006,203536.2
3207,2006,140149.8
3208,2006,141796.2
3209,2006,85612.8
3210,2006,109897.2
3212,2006,94462.2
3213,2006,83863.5
3214,2006,168756
3215,2006,121524.9
3216,2006,92815.8
3221,2006,59682
3222,2006,42189
3223,2006,29738.1
3224,2006,64518.3
3225,2006,200757.9
3226,2006,174209.7
3227,2006,146323.8
3230,2006,191188.2
3231,2006,175547.4
3232,2006,259616.7
3233,2006,114836.4
3234,2006,156819.6
3235,2006,173592.3
3236,2006,160112.4
3237,2006,118129.2
3238,2006,212900.1
3239,2006,178634.4
3241,2006,143031
3242,2006,161758.8
3243,2006,183985.2
3244,2006,193143.3
3245,2006,146015.1
3246,2006,187895.4
3247,2006,144265.8
3248,2006,176267.7
3249,2006,227203.2
3250,2006,95079.6
3252,2006,64003.8
3253,2006,250047
3255,2006,124406.1
3256,2006,155481.9
3257,2006,239859.9
3258,2006,184705.5
3259,2006,227203.2
3260,2006,160729.8
3261,2006,103208.7
3263,2006,105781.2
3264,2006,187175.1
3265,2006,215061
3266,2006,160215.3
3267,2006,109794.3
3268,2006,108147.9
3270,2006,158260.2
3271,2006,108456.6
3272,2006,163508.1
3275,2006,170505.3
3277,2006,201169.5
3278,2006,167829.9
3279,2006,182544.6
3280,2006,171122.7
3281,2006,143648.4
3282,2006,182338.8
3283,2006,161347.2
3285,2006,138297.6
3286,2006,119466.9
3288,2006,222572.7
3289,2006,140046.9
3291,2006,217942.2
3292,2006,193246.2
3293,2006,130580.1
3295,2006,144883.2
3297,2006,117306
3298,2006,91478.1
3299,2006,142413.6
3301,2006,218250.9
3303,2006,165257.4
3306,2006,139635.3
3307,2006,62974.8
3308,2006,131403.3
3309,2006,161964.6
3310,2006,121627.8
3312,2006,155996.4
3314,2006,186557.7
3317,2006,165463.2
3318,2006,167212.5
3319,2006,104237.7
3320,2006,108353.7
3321,2006,208681.2
3322,2006,154350
3323,2006,126258.3
3325,2006,122553.9
3326,2006,228643.8
3328,2006,153732.6
3329,2006,106398.6
3330,2006,73264.8
3332,2006,133358.4
3334,2006,172151.7
3335,2006,301291.2
3336,2006,50832.6
3337,2006,163816.8
3341,2006,170711.1
3356,2006,258793.5
3358,2006,152703.6
3360,2006,150748.5
3362,2006,142310.7
3363,2006,174621.3
3364,2006,175032.9
3365,2006,182338.8
3366,2006,211871.1
3367,2006,101871
3368,2006,126669.9
3369,2006,128007.6
3370,2006,97960.8
3371,2006,150954.3
3373,2006,130580.1
3374,2006,187586.7
3375,2006,148484.7
3376,2006,143648.4
3377,2006,119672.7
3378,2006,54537
3379,2006,109074
3386,2010,62000
3391,2010,29900
3393,2010,23400
3394,2010,50200
3403,2010,42700
3405,2010,64500
3414,2010,44700
3420,2010,51500
3421,2010,42500
3422,2010,26000
3426,2010,23000
3427,2010,38900
3430,2010,42700
3431,2010,63600
3434,2010,45200
3439,2010,36600
3442,2010,29100
3444,2010,41000
3445,2010,89100
3452,2010,32200
3453,2010,46100
3458,2010,22300
3460,2010,53700
3464,2010,35800
3468,2010,39100
3478,2010,65900
3489,2010,41900
3490,2010,78300
3492,2010,36900
3493,2010,39200
3498,2010,29800
3499,2010,53100
3500,2010,56000
3502,2010,25400
3505,2010,75600
3510,2010,48900
3511,2010,38500
3512,2010,21100
3513,2010,18900
3514,2010,52200
3523,2010,55400
3528,2010,58400
3536,2010,44900
3537,2010,22200
3546,2010,37800
3549,2010,49300
3551,2010,43300
3552,2010,23800
3555,2010,30700
3558,2010,10500
3566,2010,38600
3580,2010,34600
3587,2010,67500
3595,2010,66700
3608,2010,35700
3614,2010,79000
3620,2010,39200
3626,2010,44800
3628,2010,37800
3638,2010,40400
3642,2010,24100
3643,2010,22700
3656,2010,42900
3668,2010,30700
3669,2010,46400
3670,2010,19200
3671,2010,40500
3675,2010,38500
3676,2010,31300
3680,2010,35600
3681,2010,36000
3688,2010,35500
3689,2010,33900
3691,2010,51000
3693,2010,38600
3698,2010,43600
3705,2010,55700
3710,2010,40000
3713,2010,30300
3715,2010,20500
3718,2010,34700
3719,2010,53700
3720,2010,39400
3723,2010,29500
3726,2010,19700
3733,2010,78800
3734,2010,31200
3754,2010,10300
3755,2010,27100
3756,2010,30200
3760,2010,2000
3761,2010,19300
3762,2010,46800
3763,2010,66700
3770,2010,32500
3771,2010,42700
3774,2010,11300
3792,2010,53200
3793,2010,31100
3794,2010,28000
3809,2010,64000
3812,2010,69300
3818,2010,64600
3822,2010,2600
3835,2010,49200
3836,2010,58400
3840,2010,16200
3841,2010,41900
3842,2010,42200
3852,2010,33200
3853,2010,55900
3861,2010,33700
3873,2010,39200
3876,2010,28000
3877,2010,70100
3880,2010,35700
3881,2010,96900
3901,2010,39900
3910,2010,15200
3914,2010,31600
3916,2010,33000
3919,2010,106400
3945,2010,43600
3950,2010,61500
3951,2010,35800
3956,2010,34800
3957,2010,13100
3968,2010,18200
3972,2010,30100
3979,2010,35900
3982,2010,28100
3989,2010,22000
3992,2010,41400
4004,2010,78000
4006,2010,14400
4014,2010,22900
4026,2010,40000
4027,2010,45600
4028,2010,45300
4029,2010,16900
4031,2010,43500
4032,2010,32300
4036,2010,58500
4037,2010,53700
4038,2010,27700
4045,2010,34600
4047,2010,78300
4055,2010,47300
4060,2010,72500
4069,2010,27800
4070,2010,61000
4091,2010,12300
4094,2010,54700
4095,2010,17100
4096,2010,42200
4101,2010,13800
4105,2010,40700
4117,2010,24000
4118,2010,55300
4119,2010,41300
4123,2010,60000
4125,2010,57800
4151,2010,3900
4153,2010,28000
4154,2010,26900
4159,2010,50400
4160,2010,34000
4161,2010,92500
4162,2010,20800
4182,2010,89900
4222,2010,33100
4228,2010,28900
4231,2010,26700
4234,2010,9100
4236,2010,53300
4241,2010,41400
4242,2010,46600
4249,2010,70400
4252,2010,25900
4254,2010,55000
4257,2010,36400
4261,2010,27700
4266,2010,63000
4269,2010,33300
4275,2010,39300
4277,2010,30300
4279,2010,30100
4286,2010,47900
4287,2010,74100
4292,2010,79200
4294,2010,53500
4295,2010,15000
4309,2010,25400
4316,2010,40400
4317,2010,20700
4320,2010,36200
4324,2010,26500
4329,2010,30100
4331,2010,32800
4332,2010,59100
4341,2010,37200
4342,2010,25500
4343,2010,25700
4344,2010,39700
4345,2010,25000
4346,2010,46900
4348,2010,36700
4351,2010,14100
4354,2010,17900
4355,2010,26300
4356,2010,47700
4358,2010,51300
4359,2010,29700
4365,2010,29800
4367,2010,22500
4368,2010,36900
4374,2010,23500
4383,2010,43800
4384,2010,71600
4387,2010,24000
4389,2010,31800
4400,2010,13400
4401,2010,21500
4406,2010,22800
4418,2010,16600
4424,2010,50000
4427,2010,56900
4431,2010,19500
4432,2010,5200
4433,2010,51500
4435,2010,20000
4437,2010,18600
4439,2010,28000
4447,2010,41400
4458,2010,46200
4466,2010,66800
4474,2010,67800
4478,2010,12100
4479,2010,40500
4480,2010,48100
4481,2010,41000
4485,2010,33500
4490,2010,49800
4493,2010,39500
4499,2010,51200
4500,2010,187800
4501,2010,63000
4503,2010,57500
4504,2010,85500
4505,2010,50700
4510,2010,12300
4518,2010,14100
4520,2010,53000
4525,2010,10500
4538,2010,46100
4539,2010,26700
4540,2010,39200
4541,2010,44400
4542,2010,44600
4551,2010,31600
4552,2010,37800
4553,2010,46600
4563,2010,8800
4564,2010,44400
4569,2010,66900
4577,2010,25300
4590,2010,46500
4592,2010,37400
4596,2010,13200
4605,2010,55700
4606,2010,38600
4608,2010,25500
4622,2010,17000
4623,2010,31800
4628,2010,68200
4629,2010,33800
4632,2010,21400
4635,2010,51000
4638,2010,40800
4640,2010,45800
4642,2010,43400
4644,2010,19900
4650,2010,89900
4651,2010,26900
4655,2010,49700
4656,2010,32900
4657,2010,21500
4662,2010,10900
4663,2010,17500
4676,2010,42800
4687,2010,43700
4702,2010,40100
4704,2010,44100
4706,2010,48600
4711,2010,12400
4716,2010,24900
4717,2010,51900
4721,2010,29500
4724,2010,80400
4725,2010,54600
4732,2010,26400
4737,2010,42700
4744,2010,32100
4748,2010,32700
4749,2010,38600
4757,2010,33100
4790,2010,17800
4793,2010,37700
4806,2010,8000
4813,2010,34400
4816,2010,24300
4820,2010,32300
4831,2010,25900
4839,2010,7200
4851,2010,29500
4854,2010,52100
4860,2010,45700
4862,2010,19400
4872,2010,39800
4878,2010,30800
4879,2010,77300
4897,2010,30600
4909,2010,28000
4929,2010,33200
4951,2010,43800
4954,2010,30900
4970,2010,48700
4972,2010,40000
4977,2010,24800
4986,2010,38500
5023,2010,27800
5031,2010,39600
5064,2010,25600
5070,2010,19500
5094,2010,88100
5095,2010,16000
5099,2010,44300
5130,2010,50400
5140,2010,26100
5144,2010,68200
5161,2010,44200
5174,2010,55100
5181,2010,19000
5183,2010,36100
5194,2010,25900
5203,2010,186400
5226,2010,36400
5234,2010,7700
5247,2010,29000
5248,2010,68400
5253,2010,40500
5256,2010,16600
5260,2010,40700
5265,2010,77100
5266,2010,7000
5267,2010,39000
5277,2010,52700
5284,2010,36500
5289,2010,54600
5292,2010,37600
5309,2010,14100
5317,2010,33300
5336,2010,40500
5342,2010,13900
5344,2010,34300
5346,2010,21200
5349,2010,33600
5351,2010,38400
5352,2010,7100
5353,2010,25300
5354,2010,20600
5355,2010,23000
5356,2010,35400
5360,2010,56400
5374,2010,28700
5377,2010,51300
5379,2010,18300
5385,2010,33300
5398,2010,28100
5404,2010,29600
5405,2010,59900
5406,2010,37000
5413,2010,34400
5414,2010,32100
5418,2010,31000
5419,2010,46000
5420,2010,42600
5425,2010,48800
5428,2010,53800
5429,2010,40000
5442,2010,17500
5465,2010,38400
5482,2010,32100
5486,2010,22700
5498,2010,22400
5499,2010,47200
5506,2010,31000
5507,2010,13500
5536,2010,40100
5538,2010,40200
5547,2010,29400
5548,2010,19200
5556,2010,12400
5557,2010,37500
5558,2010,32600
5560,2010,30800
5561,2010,38000
5562,2010,33300
5565,2010,97400
5568,2010,10300
5572,2010,27800
5573,2010,41000
5575,2010,40200
5576,2010,49800
5580,2010,15200
5581,2010,5600
5587,2010,46600
5588,2010,47600
5592,2010,24800
5595,2010,40500
5612,2010,40300
5616,2010,36600
5625,2010,58400
5647,2010,26400
5657,2010,45800
5659,2010,28500
5663,2010,47000
5666,2010,34800
5667,2010,61300
5677,2010,63400
5685,2010,28700
5688,2010,25600
5693,2010,32800
5696,2010,54000
5699,2010,54600
5701,2010,57300
5704,2010,55100
5712,2010,18100
5725,2010,78600
5726,2010,45500
5735,2010,42400
5736,2010,33400
5740,2010,68000
5741,2010,18900
5751,2010,107100
5753,2010,34900
5755,2010,55200
5757,2010,51800
5761,2010,37700
5767,2010,48700
5768,2010,73400
5771,2010,62700
5772,2010,11200
5773,2010,50000
5775,2010,117700
5779,2010,24000
5783,2010,51200
5785,2010,20300
5790,2010,32400
5793,2010,44200
5802,2010,10700
5805,2010,29800
5811,2010,14400
5817,2010,29600
5820,2010,34200
5825,2010,27500
5826,2010,42300
5827,2010,40700
5831,2010,19400
5832,2010,23400
5833,2010,49900
5842,2010,30400
5843,2010,24000
5844,2010,51600
5845,2010,66900
5846,2010,43500
5849,2010,24100
5850,2010,44100
5855,2010,67300
5856,2010,32800
5857,2010,40800
5858,2010,23100
5862,2010,46000
5882,2010,31400
5883,2010,54700
5884,2010,48000
5886,2010,30900
5889,2010,27800
5890,2010,31700
5891,2010,28500
5892,2010,35200
5898,2010,24600
5899,2010,23500
5900,2010,32200
5905,2010,39800
5916,2010,25600
5934,2010,34000
5936,2010,55500
5937,2010,46300
5944,2010,64700
5954,2010,47300
5957,2010,30400
5962,2010,8000
5977,2010,19100
5997,2010,40100
5999,2010,8400
6000,2010,51400
6006,2010,32100
6008,2010,30500
6011,2010,31600
6035,2010,108300
6039,2010,45200
6040,2006,91992.6
6043,2006,142310.7
6044,2006,145191.9
6045,2006,121524.9
6046,2006,163508.1
6048,2006,103826.1
6050,2006,113601.6
6051,2006,126875.7
6054,2006,116482.8
6055,2006,244387.5
6056,2006,191702.7
6057,2006,267745.8
6058,2006,159186.3
6059,2006,101562.3
6060,2006,191188.2
6061,2006,63900.9
6063,2006,153526.8
6068,2006,124817.7
6069,2006,158568.9
6070,2006,94153.5
6071,2006,137371.5
6073,2006,113601.6
6074,2006,201066.6
6077,2006,57006.6
6078,2006,181721.4
6079,2006,51244.2
6080,2006,208475.4
6081,2006,56080.5
6082,2006,152292
6083,2006,65135.7
6084,2006,124406.1
6085,2006,161038.5
6087,2006,132329.4
6091,2006,164125.5
6092,2006,202198.5
6094,2006,209813.1
6095,2006,253957.2
6098,2006,99813
6099,2006,182338.8
6100,2006,171019.8
6101,2006,179251.8
6102,2006,215987.1
6103,2006,120290.1
6104,2006,59167.5
6105,2006,149822.4
6106,2006,221440.8
6107,2006,139635.3
6111,2006,169579.2
6112,2006,169579.2
6113,2006,172872
6115,2006,243152.7
6116,2006,154555.8
6117,2006,141590.4
6118,2006,245210.7
6119,2006,141075.9
6121,2006,219382.8
6122,2006,201478.2
6123,2006,171637.2
6124,2006,263835.6
6125,2006,150439.8
6126,2006,104855.1
6127,2006,121010.4
6163,2010,27700
6180,2010,48900
6196,2010,84100
6199,2010,15100
6200,2010,14000
6218,2010,13200
6219,2010,31500
6225,2010,49700
6228,2010,88200
6235,2010,12300
6244,2010,21800
6245,2010,79900
6246,2010,54800
6248,2010,51200
6257,2010,22400
6262,2010,130400
6267,2010,41300
6269,2010,28400
6270,2010,22700
6280,2010,53000
6300,2010,47600
6346,2010,26800
6376,2010,17700
6386,2010,53400
6388,2010,26200
6391,2010,30400
6406,2010,42200
6418,2010,40300
6422,2010,36600
6430,2010,19700
6433,2010,46800
6440,2010,49900
6447,2010,36000
6452,2010,36800
6465,2010,31300
6495,2010,20100
6530,2010,39500
6578,2010,41200
6612,2010,52000
6616,2010,96300
6619,2010,36100
6624,2010,18700
6630,2010,34800
6658,2010,57100
6662,2010,37000
6663,2010,13700
6666,2010,12000
6667,2010,26500
6692,2010,14000
6694,2010,23400
6699,2010,32000
6700,2010,33900
6704,2010,46200
6705,2010,27300
6710,2010,17000
6711,2010,62500
6726,2010,60700
6730,2010,38800
6731,2010,73800
6735,2010,20900
6737,2010,45600
6750,2010,29200
6751,2010,15700
6756,2010,39700
6759,2010,33600
6760,2010,25200
6764,2010,22800
6793,2010,34500
6796,2010,32400
6799,2010,40200
6811,2010,37500
6822,2010,33300
6826,2010,28200
6830,2010,35300
6839,2010,32200
6848,2010,9100
6859,2010,71900
6861,2010,2500
6903,2010,2400
6909,2010,21300
6911,2010,51400
6916,2010,38100
6925,2010,21500
6927,2010,5200
6935,2010,33600
6945,2010,30000
6946,2010,38100
6957,2010,53600
6958,2010,4700
6963,2010,16500
6969,2010,50300
6970,2010,30000
6980,2010,12400
6981,2010,53100
6988,2010,18200
6994,2010,32200
7020,2010,45800
7022,2010,62000
7026,2010,36600
7036,2010,41800
7037,2010,10800
7058,2010,14500
7074,2010,25100
7078,2010,15700
7086,2010,31300
7088,2010,31100
7094,2010,21400
7107,2010,33400
7109,2010,53500
7117,2010,38300
7118,2010,52600
7119,2010,37200
7125,2010,39400
7136,2010,30700
7144,2010,27000
7149,2010,27600
7150,2010,31100
7152,2010,34500
7158,2010,17300
7159,2010,76100
7163,2010,26300
7172,2010,31100
7184,2010,28000
7196,2010,44700
7202,2010,29100
7208,2010,32400
7210,2010,21500
7211,2010,40700
7212,2010,25300
7214,2010,28600
7241,2010,45100
7249,2010,46600
7253,2010,34900
7261,2010,32200
7269,2010,37300
7270,2010,62200
7273,2010,40500
7275,2010,42000
7276,2010,44900
7286,2010,23300
7292,2010,26200
7294,2010,37100
7305,2010,30000
7307,2010,12500
7336,2010,88900
7337,2010,48900
7341,2010,51400
7356,2010,12200
7371,2010,21500
7380,2010,11200
7392,2010,44000
7398,2010,19500
7404,2010,47300
7446,2010,10300
7482,2010,26600
7488,2010,50800
7504,2010,45300
7509,2010,73100
7530,2010,21200
7533,2010,23000
7547,2010,23500
7552,2010,6000
7558,2010,47400
7563,2010,57300
7564,2010,27600
7565,2010,31000
7566,2010,28300
7567,2010,44300
7573,2010,88100
7590,2010,33400
7591,2010,20100
7621,2010,27000
7626,2010,33900
7646,2010,29200
7652,2010,12700
7654,2010,34600
7661,2010,22900
7662,2010,28300
7667,2010,29100
7673,2010,51800
7679,2010,17400
7689,2010,33600
7694,2010,21900
7699,2010,19400
7703,2010,38000
7705,2010,28700
7713,2010,32500
7725,2010,26400
7749,2010,29400
7772,2010,20500
7775,2010,61100
7778,2010,31500
7789,2010,53400
7798,2010,46800
7805,2010,64400
7806,2010,42100
7807,2010,41100
7808,2010,33000
7810,2010,21500
7811,2010,43000
7812,2010,46600
7839,2010,46100
7840,2010,46700
7841,2010,12300
7844,2010,80200
7845,2010,38500
7852,2010,37100
7859,2010,42800
7861,2010,10200
7864,2010,41300
7866,2010,70600
7869,2010,13100
7871,2010,19400
7874,2010,36300
7879,2010,30600
7881,2010,37200
7898,2010,54600
7899,2010,23100
7902,2010,42800
7935,2010,31400
7937,2010,47700
7940,2010,34100
7953,2010,33300
7954,2010,35300
7955,2010,27900
7956,2010,26500
7957,2010,23400
7962,2010,13200
7963,2010,40000
7964,2010,32300
7967,2010,38300
7970,2010,81500
7971,2010,31200
7973,2010,27600
7975,2010,28800
7978,2010,33900
7984,2010,18000
7985,2010,33300
7987,2010,8700
8012,2010,54200
8013,2010,36800
8024,2010,50900
8034,2010,14700
8041,2010,46800
8062,2010,40500
8069,2010,58200
8070,2010,46000
8071,2010,71500
8075,2010,40500
8081,2010,36500
8090,2010,24600
8092,2010,29200
8101,2010,13900
8104,2010,20500
8105,2010,37500
8109,2010,21400
8134,2010,17900
8140,2010,25600
8154,2010,45700
8158,2010,76200
8162,2010,111100
8167,2010,22900
8171,2010,16900
8180,2010,40700
8181,2010,45600
8198,2010,80400
8256,2010,21800
8326,2010,80700
8338,2010,65800
8342,2010,59000
8349,2010,25100
8359,2010,68700
8366,2010,44900
8371,2010,37700
8382,2010,32600
8385,2010,10400
8387,2010,21400
8433,2010,45500
8435,2010,30700
8446,2010,24600
8457,2010,2200
8473,2010,36100
8514,2010,46100
8551,2010,15900
8563,2010,24800
8570,2010,38600
8572,2010,4500
8575,2010,31400
8577,2010,13100
8578,2010,61300
8579,2010,24700
8580,2010,8200
8582,2010,31600
8585,2010,31700
8588,2010,16400
8592,2010,35600
8596,2010,39500
8597,2010,33100
8598,2010,26800
8600,2010,20000
8604,2010,32100
8605,2010,12800
8608,2010,26100
8609,2010,32800
8611,2010,38200
8612,2010,27500
8615,2010,29600
8623,2010,38100
8624,2010,38900
8625,2010,33400
8626,2010,40200
8642,2010,56400
8647,2010,39100
8650,2010,35600
8678,2010,37800
8681,2010,42100
8683,2010,46700
8694,2010,11900
8698,2010,44500
8718,2010,40700
8734,2010,30900
8751,2010,51300
8754,2010,60900
8858,2010,77700
8865,2010,40700
8866,2010,14400
8894,2010,46300
8902,2010,33600
8973,2010,41300
8995,2010,31000
9076,2010,23900
9082,2010,43300
9088,2010,8700
9114,2010,63800
9116,2010,59800
9120,2010,43500
9122,2010,28100
9123,2010,9300
9125,2010,54300
9145,2010,62900
9147,2010,19300
9154,2010,71600
9155,2010,20300
9156,2010,40400
9165,2010,48800
9176,2010,62800
9182,2010,55900
9186,2010,73000
9190,2010,22200
9193,2010,58800
9199,2010,56400
9233,2010,8200
9271,2010,20300
9288,2010,32100
9292,2010,54200
9296,2010,39600
9298,2010,87500
9304,2010,8900
9305,2010,72600
9307,2010,44100
9311,2010,47700
9318,2010,86100
9338,2010,74200
9340,2010,38800
9366,2010,10400
9398,2010,117200
9405,2010,50200
9416,2010,13900
9419,2010,54400
9425,2010,25000
9439,2010,3800
9497,2010,53400
9508,2010,34900
9518,2010,44300
9533,2010,2200
9541,2010,52000
9547,2010,64900
9548,2010,67100
9553,2010,50400
9556,2010,37400
9609,2010,30700
9641,2010,7400
9660,2010,27800
9665,2010,19800
9668,2010,29100
9677,2010,38200
9692,2010,44400
9696,2010,21700
9699,2010,25400
9703,2010,50300
9709,2010,51100
9711,2010,45900
9713,2010,25200
9714,2010,33400
9718,2010,40400
9720,2010,79200
9723,2010,51600
9725,2010,96000
9727,2010,57100
9730,2010,60700
9734,2010,32000
9737,2010,19500
9740,2010,45300
9741,2010,31900
9742,2010,53500
9743,2010,67300
9744,2010,57500
9745,2010,56800
9746,2010,58400
9748,2010,34000
9749,2010,66000
9752,2010,49200
9754,2010,49200
9760,2010,56200
9761,2010,77800
9766,2010,30900
9768,2010,57400
9771,2010,64300
9772,2010,90200
9774,2010,64200
9775,2010,2200
9777,2010,43900
9779,2010,50800
9790,2010,69700
9828,2010,47700
9830,2010,33800
9832,2010,54200
9843,2010,62600
9848,2010,57200
9853,2010,26900
9872,2010,54700
9875,2010,51100
9888,2010,41400
9899,2010,76200
9901,2010,34400
9902,2010,48800
9912,2010,43000
9923,2010,67400
9928,2010,46800
9941,2010,58900
9953,2010,19500
9955,2010,58200
9956,2010,34400
9958,2010,28100
9966,2010,78200
9970,2010,28500
9973,2010,36500
9974,2010,26900
9976,2010,55700
9977,2010,88000
9984,2010,29500
9990,2010,48100
9992,2010,50700
9995,2010,32300
9996,2010,35700
9998,2010,80300
10012,2010,20100
10020,2010,53400
10022,2010,45600
10025,2010,58500
10036,2010,43000
10052,2010,28700
10076,2010,32300
10131,2010,67200
10138,2010,104000
10150,2010,44400
10164,2010,54000
10183,2010,41700
10188,2010,41100
10192,2010,54500
10193,2010,49900
10194,2010,50500
10207,2010,38200
10210,2010,83700
10215,2010,21800
10220,2010,45600
10226,2010,49900
10230,2010,21400
10235,2010,46000
10245,2010,31900
10250,2010,59800
10254,2010,33700
10260,2010,46600
10262,2010,43300
10263,2010,68900
10265,2010,25700
10266,2010,25500
10267,2010,37600
10272,2010,29800
10277,2010,26700
10283,2010,29900
10285,2010,27300
10288,2010,64000
10289,2010,45700
10290,2010,58200
10291,2010,39100
10296,2010,22600
10297,2010,44700
10303,2010,25600
10307,2010,60300
10308,2010,38500
10310,2010,17300
10313,2010,54500
10315,2010,50100
10318,2010,58200
10320,2010,64200
10323,2010,40500
10326,2010,42000
10327,2010,39100
10328,2010,78000
10330,2010,29800
10336,2010,43500
10337,2010,60400
10345,2010,37100
10347,2010,45400
10349,2010,71800
10351,2010,30500
10352,2010,25100
10360,2010,48700
10364,2010,28800
10365,2010,36400
10374,2010,20100
10375,2010,13400
10376,2010,48500
10379,2010,32200
10384,2010,23400
10390,2010,45800
10392,2010,51600
10393,2010,71700
10394,2010,74200
10407,2010,32500
10410,2010,38600
10412,2010,16000
10415,2010,15400
10416,2010,27800
10418,2010,74600
10420,2010,53600
10423,2010,51500
10424,2010,40700
10427,2010,21400
10429,2010,40700
10430,2010,34900
10431,2010,23000
10433,2010,46700
10435,2010,45300
10436,2010,37700
10437,2010,51600
10438,2010,42600
10440,2010,81200
10441,2010,76700
10444,2010,59400
10449,2010,53400
10450,2010,49300
10457,2010,42100
10459,2010,41800
10464,2010,27100
10475,2010,34300
10477,2010,30900
10478,2010,34100
10482,2010,31400
10484,2010,39800
10489,2010,35700
10493,2010,83500
10495,2010,41400
10500,2010,27900
10507,2010,30900
10508,2010,43200
10513,2010,92900
10514,2010,18900
10515,2010,49100
10519,2010,34000
10523,2010,28400
10531,2010,38800
10533,2010,27500
10534,2010,19700
10535,2010,33600
10548,2010,37400
10553,2010,57000
10557,2010,38500
10558,2010,29200
10559,2010,44300
10563,2010,51600
10564,2010,94400
10565,2010,94700
10566,2010,56000
10567,2010,39400
10569,2010,24000
10570,2010,83500
10572,2010,129300
10576,2010,29000
10577,2010,27600
10579,2010,65200
10581,2010,53500
10599,2010,43000
10600,2010,60800
10604,2010,17700
10607,2010,51200
10612,2010,23900
10614,2010,32000
10617,2010,68200
10620,2010,39800
10622,2010,43900
10624,2010,69800
10626,2010,52400
10628,2010,7700
10631,2010,47600
10635,2010,53200
10636,2010,42300
10639,2010,15900
10643,2010,43400
10645,2010,33300
10648,2010,23500
10649,2010,33700
10662,2010,48900
10667,2010,58300
10669,2010,21400
10670,2010,37000
10671,2010,47500
10673,2010,33500
10675,2010,33900
10677,2010,45600
10678,2010,47500
10681,2010,34700
10683,2010,44100
10684,2010,35000
10686,2010,28400
10688,2010,43600
10691,2010,42800
10692,2010,27500
10693,2010,49500
10695,2010,48200
10699,2010,29600
10700,2010,24600
10707,2010,57700
10708,2010,35100
10709,2010,14300
10710,2010,48100
10711,2010,40100
10712,2010,53500
10713,2010,13000
10714,2010,27900
10715,2010,20500
10719,2010,26500
10720,2010,105700
10721,2010,29800
10723,2010,54600
10725,2010,65100
10730,2010,3800
10738,2010,38300
10739,2010,42400
10743,2010,53500
10745,2010,47300
10746,2010,8900
10748,2010,95400
10752,2010,51700
10753,2010,68200
10760,2010,42100
10763,2010,34000
10767,2010,29400
10770,2010,65100
10773,2010,49700
10776,2010,28700
10788,2010,51400
10790,2010,31400
10791,2010,33400
10793,2010,37100
10794,2010,30300
10797,2010,23100
10802,2010,63100
10803,2010,9900
10818,2010,13000
10820,2010,7100
10825,2010,37000
10827,2010,46500
10830,2010,46600
10834,2010,46800
10844,2010,21300
10851,2010,64800
10862,2010,25600
10871,2010,40100
10873,2010,41800
10875,2010,46200
10877,2010,38800
10880,2010,37100
10887,2010,51000
10889,2010,28900
10901,2010,50300
10921,2010,26900
10945,2010,41300
10952,2010,42100
10963,2010,39700
10964,2010,31400
10966,2010,40100
10973,2010,62800
10985,2010,34400
10986,2010,72300
10992,2010,28200
10993,2010,36300
10998,2010,82600
10999,2010,58500
11000,2010,42700
11001,2010,69600
11015,2010,24800
11017,2010,38900
11020,2010,41100
11022,2010,8900
11031,2010,47000
11041,2010,57700
11043,2010,38500
11045,2010,24300
11055,2010,70100
11057,2010,21600
11061,2010,42600
11062,2010,48500
11063,2010,63100
11064,2010,42700
11067,2010,26800
11081,2010,45900
11116,2010,31800
11117,2010,29900
11123,2010,61100
11128,2010,24300
11146,2010,65700
11156,2010,56000
11157,2010,48100
11160,2010,73800
11168,2010,31200
11172,2010,49700
11173,2010,24700
11182,2010,38400
11184,2010,28300
11189,2010,44300
11190,2010,47900
11196,2010,27800
11200,2010,55600
11204,2010,26300
11221,2010,34400
11225,2010,32300
11229,2010,76800
11233,2010,41600
11245,2010,42000
11249,2010,42700
11256,2010,35700
11262,2010,9600
11264,2010,6200
11272,2010,43100
11279,2010,32100
11287,2010,35200
11288,2010,28400
11294,2010,35700
11299,2010,159900
11300,2010,32900
11301,2010,51700
11304,2010,49200
11305,2010,21100
11307,2010,26900
11320,2010,54400
11327,2010,36600
11331,2010,50900
11334,2010,51900
11339,2010,64200
11345,2010,49100
11354,2010,17600
11360,2010,27400
11364,2010,44500
11366,2010,32000
11373,2010,21200
11376,2010,27500
11377,2010,10000
11400,2010,34800
11415,2010,26500
11420,2010,5800
11422,2010,71000
11423,2010,10200
11426,2010,29500
11443,2010,38400
11448,2010,49100
11459,2010,52700
11466,2010,71000
11473,2010,32200
11477,2010,38800
11483,2010,31300
11484,2010,6200
11500,2010,48600
11504,2010,54600
11506,2010,36900
11509,2010,12600
11513,2010,31900
11520,2010,3300
11523,2010,29200
11525,2010,60400
11531,2010,29700
11540,2010,46100
11552,2010,47700
11566,2010,18000
11574,2010,46800
11577,2010,41300
11579,2010,30700
11583,2010,13700
11584,2010,51200
11585,2010,34300
11589,2010,31200
11593,2010,26700
11595,2010,29100
11602,2010,38900
11605,2010,35200
11611,2010,26800
11612,2010,53700
11613,2010,31400
11616,2010,58100
11618,2010,32100
11621,2010,21500
11623,2010,22200
11630,2010,16400
11632,2010,19100
11633,2010,17900
11637,2010,43700
11638,2010,34600
11641,2010,26400
11643,2010,70500
11645,2010,51600
11646,2010,29900
11647,2010,41100
11685,2010,13000
11687,2010,31400
11688,2010,41500
11702,2010,39600
11703,2010,18800
11704,2010,21000
11705,2010,17000
11707,2010,19300
11709,2010,40100
11715,2010,36900
11716,2010,14100
11718,2010,43000
11719,2010,51000
11731,2010,42000
11734,2010,4700
11736,2010,32100
11744,2010,24300
11745,2010,57400
11746,2010,72000
11747,2010,78500
11750,2010,61300
11753,2010,26600
11762,2010,25500
11763,2010,28000
11766,2010,29900
11767,2010,87200
11768,2010,47600
11769,2010,18800
11771,2010,19300
11779,2010,100500
11785,2010,16900
11786,2010,17900
11787,2010,23800
11788,2010,14400
11789,2010,90400
11791,2010,101800
11792,2010,24200
11793,2010,25600
11795,2010,39700
11796,2010,34700
11797,2010,30800
11798,2010,28800
11799,2010,45600
11800,2010,28900
11801,2010,33500
11802,2010,29700
11803,2010,22200
11808,2010,44700
11809,2010,40600
11810,2010,41400
11811,2010,19400
11812,2010,34200
11813,2010,43400
11814,2010,31400
11816,2010,45300
11817,2010,14600
11818,2010,38800
11819,2010,43100
11820,2010,32400
11821,2010,35500
11823,2010,46200
11824,2010,58200
11825,2010,13600
11826,2010,41500
11827,2010,26400
11828,2010,22800
11829,2010,28400
11831,2010,49700
11832,2010,54000
11835,2010,42600
11836,2010,26700
11837,2010,74500
11838,2010,53500
11839,2010,29900
11840,2010,42300
11842,2010,32400
11849,2010,57000
11850,2010,14400
11853,2010,64100
11861,2010,30900
11874,2010,33400
11876,2010,52400
11877,2010,34400
11878,2010,28600
11879,2010,15300
11883,2010,38800
11884,2010,18200
11885,2010,24400
11886,2010,17500
11887,2010,74300
11895,2010,60600
11902,2010,56800
11919,2010,75500
11930,2010,45700
11931,2010,29000
11936,2010,41200
11939,2010,45000
11944,2010,48900
11946,2010,17700
11959,2010,135400
11970,2010,74000
11978,2010,38800
11979,2010,51700
11980,2010,32400
11987,2010,41600
11991,2010,51500
11997,2010,13400
12001,2010,50500
12006,2010,31300
12022,2010,45100
12028,2010,30100
12031,2010,14100
12032,2010,59100
12037,2010,18100
12041,2010,75100
12043,2010,20400
12054,2010,67600
12055,2010,23800
12056,2010,35200
12057,2010,54400
12077,2010,54700
12079,2010,69300
12103,2010,12600
12109,2010,49700
12111,2010,24100
12115,2010,46400
12116,2010,47700
12130,2010,3600
12141,2010,28700
12145,2010,26600
12163,2010,24700
12202,2010,55100
12204,2010,17500
12205,2010,28800
12208,2010,25200
12220,2010,24100
12224,2010,36100
12227,2010,42200
12229,2010,9300
12233,2010,29700
12236,2010,92200
12237,2010,13200
12238,2010,50700
12240,2010,25900
12244,2010,36400
12245,2010,81300
12246,2010,18200
12249,2010,36400
12251,2010,69700
12252,2010,40700
12256,2010,37800
12262,2010,58600
12263,2010,30400
12275,2010,50700
12278,2010,66400
12283,2010,30200
12285,2010,49100
12287,2010,28100
12288,2010,40700
12290,2010,28500
12291,2010,20400
12294,2010,50200
12300,2010,36300
12301,2010,52300
12302,2010,44900
12304,2010,58100
12306,2010,57600
12307,2010,32400
12312,2010,25600
12313,2010,61900
12321,2010,106800
12323,2010,55200
12330,2010,43000
12331,2010,29500
12334,2010,46900
12335,2010,42200
12337,2010,48700
12338,2010,25100
12341,2010,63400
12345,2010,20700
12346,2010,71200
12347,2010,50500
12348,2010,47600
12351,2010,36900
12352,2010,76300
12353,2010,60200
12355,2010,74600
12357,2010,53300
12358,2010,68400
12362,2010,80300
12363,2010,88500
12367,2010,29200
12368,2010,67000
12369,2010,54100
12370,2010,41100
12375,2010,46800
12376,2010,58200
12377,2010,18800
12383,2010,18800
12385,2010,42800
12388,2010,70700
12389,2010,81800
12392,2010,31700
12399,2010,35500
12405,2010,22200
12417,2010,27500
12420,2010,53400
12422,2010,40800
12423,2010,25800
12429,2010,64000
12448,2010,78500
12449,2010,41400
12454,2010,50000
12458,2010,63800
12461,2010,38900
12471,2010,33000
12478,2010,9300
12489,2010,63900
12497,2010,37800
12498,2010,55500
12501,2010,21600
12514,2010,34000
12515,2010,32700
12527,2010,65900
12528,2010,21000
12535,2010,38700
12542,2010,54300
12544,2010,59600
12546,2010,58000
12547,2010,27500
12549,2010,57600
12557,2010,52800
12559,2010,59500
12565,2010,50500
12568,2010,67200
12573,2010,38600
12574,2010,38600
12584,2010,45700
12586,2010,18700
12588,2010,59800
12589,2010,38700
12593,2010,19200
12597,2010,42800
12598,2010,36400
12599,2010,21800
12602,2010,15300
12605,2010,30800
12606,2010,43900
12607,2010,91900
12608,2010,6700
12609,2010,111500
12610,2010,57400
12611,2010,53200
12612,2010,15900
12613,2010,12900
12614,2010,24700
12615,2010,33400
12616,2010,18500
12617,2010,64200
12618,2010,4900
12619,2010,48100
12620,2010,9300
12621,2010,17800
12623,2010,37500
12625,2010,61500
12626,2010,28400
12627,2010,8900
12628,2010,51700
12629,2010,14600
12630,2010,65600
12631,2010,56500
12632,2010,32800
12633,2010,86500
12634,2010,43600
12635,2010,69500
12649,2010,32700
12663,2010,47500
12664,2010,67700
12666,2010,48700
12668,2010,13500
12673,2010,26400
12674,2010,52500
12679,2010,69300
12681,2010,32700
12684,2010,28400
12693,2010,54800
12699,2010,37600
12701,2010,41900
12702,2010,22300
12703,2010,60300
12710,2010,54900
12718,2010,60200
12719,2010,57500
12721,2010,46500
12725,2010,49100
12726,2010,37100
12727,2010,80100
12739,2010,32900
12741,2010,44400
12748,2010,10200
12750,2010,44500
12758,2010,35600
12762,2010,14700
12771,2010,42600
12772,2010,72400
12774,2010,41800
12775,2010,33000
12776,2010,38500
12777,2010,28400
12779,2010,44700
12780,2010,43500
12783,2010,93700
12786,2010,30700
12788,2010,45600
12789,2010,36300
12791,2010,77100
12794,2010,38000
12800,2010,28400
12803,2010,51700
12809,2010,16100
12811,2010,27700
12815,2010,110800
12817,2010,44800
12818,2010,46100
12821,2010,27100
12823,2010,27700
12824,2010,41400
12828,2010,40200
12833,2010,32200
12835,2010,33100
12837,2010,22200
12838,2010,53700
12839,2010,32200
12841,2010,23700
12845,2010,20000
12850,2010,30600
12859,2010,30300
12861,2010,15700
12863,2010,40000
12870,2010,34000
12873,2010,34200
12885,2010,42900
12886,2010,57100
12915,2010,88400
12916,2010,64100
12924,2010,55700
12932,2010,55900
12935,2010,25600
12944,2010,29400
12958,2010,36000
12978,2010,51000
12987,2010,30200
13004,2010,43300
13008,2010,35300
13018,2010,4600
13042,2010,14900
13048,2010,28800
13061,2010,31100
13063,2010,20800
13074,2010,59900
13076,2010,34600
13098,2010,40200
13110,2010,63200
13113,2010,29500
13132,2010,32300
13133,2010,42100
13137,2010,24200
13143,2010,100100
13144,2010,58600
13151,2010,38400
13153,2010,55400
13154,2010,58500
13164,2010,33100
13172,2010,59000
13175,2010,54200
13176,2010,46400
13177,2010,126000
13181,2010,22500
13186,2010,46600
13192,2010,67300
13193,2010,74100
13196,2010,50000
13203,2010,16300
13207,2010,78300
13209,2010,33500
13210,2010,90900
13215,2010,36800
13232,2010,59500
13251,2010,44700
13260,2010,52900
13265,2010,6800
13268,2010,49100
13274,2010,62600
13278,2010,27800
13279,2010,20500
13283,2010,71500
13288,2010,63900
13291,2010,42900
13293,2010,60300
13299,2010,26500
13308,2010,44000
13312,2010,49700
13313,2010,54400
13314,2010,45200
13324,2010,52100
13328,2010,33300
13329,2010,37200
13334,2010,27700
13342,2010,33800
13361,2010,49500
13367,2010,18300
13379,2010,106600
13383,2010,40700
13389,2010,26100
13393,2010,42600
13395,2010,38100
13401,2010,55700
13405,2010,82300
13406,2010,14600
13408,2010,33000
13409,2010,30200
13410,2010,49200
13415,2010,49300
13420,2010,85800
13434,2010,28900
13441,2010,50500
13442,2010,119500
13449,2010,30700
13450,2010,31900
13452,2010,53400
13459,2010,36700
13470,2010,74300
13472,2010,30200
13474,2010,44900
13480,2010,103100
13485,2010,32000
13494,2010,31500
13495,2010,17300
13506,2010,88300
13518,2010,57300
13532,2010,38200
13533,2010,53800
13534,2010,80300
13538,2010,20800
13545,2010,19700
13550,2010,41500
13552,2010,41400
13558,2010,59000
13562,2010,53700
13570,2010,49700
13577,2010,47000
13587,2010,62500
13604,2010,41600
13608,2010,25200
13622,2010,46700
13623,2010,23800
13628,2010,35400
13629,2010,48700
13636,2010,40200
13637,2010,61400
13642,2010,59300
13643,2010,11100
13647,2010,45200
13661,2010,44300
13681,2010,70900
13684,2010,48900
13693,2010,43800
13694,2010,37800
13695,2010,42000
13709,2010,63300
13711,2010,33100
13713,2010,84500
13717,2010,12600
13719,2010,71600
13731,2010,86000
13736,2010,60100
13738,2010,57700
13740,2010,57800
13741,2010,64800
13753,2010,37200
13757,2010,90700
13759,2010,40800
13760,2010,26800
13762,2010,13000
13765,2010,100700
13775,2010,27300
13778,2010,38400
13783,2010,31100
13788,2010,35000
13790,2010,35500
13797,2010,33900
13802,2010,28900
13805,2010,40100
13807,2010,37000
13809,2010,26100
13813,2010,40900
13815,2010,43000
13821,2010,33700
13828,2010,43700
13836,2010,72500
13838,2010,14800
13849,2010,56900
13852,2010,20200
13854,2010,68700
13856,2010,42100
13858,2010,33900
13860,2010,37000
13861,2010,50300
13883,2010,43500
13884,2010,17600
13885,2010,37100
13886,2010,7700
13887,2010,12100
13889,2010,34000
13890,2010,27100
13894,2010,19900
13902,2010,33000
13911,2010,43200
13912,2010,51000
13918,2010,10600
13919,2010,15600
13920,2010,38400
13929,2010,42200
13937,2010,29700
13945,2010,62900
13948,2010,18200
13949,2010,27200
13950,2010,35500
13955,2010,24600
13958,2010,39500
13960,2010,43600
13963,2010,48500
13965,2010,21700
13966,2010,35800
13967,2010,13900
13975,2010,52200
13979,2010,48900
13981,2010,25000
13983,2010,19900
13987,2010,53800
13993,2010,8100
13997,2010,34200
14009,2010,47400
14020,2010,68000
14021,2010,29700
14023,2010,52100
14026,2010,22500
14035,2010,72400
14048,2010,70500
14050,2010,120300
14058,2010,75300
14063,2010,30100
14064,2010,41800
14065,2010,48200
14066,2010,8300
14068,2010,70000
14079,2010,34700
14081,2010,10200
14100,2010,79900
14102,2010,2700
14116,2010,25700
14119,2010,13100
14121,2010,21200
14122,2010,49600
14124,2010,43600
14129,2010,58800
14134,2010,37500
14135,2010,37700
14153,2010,58700
14157,2010,86300
14159,2010,76700
14163,2010,43500
14166,2010,47400
14187,2010,56300
14188,2010,6500
14202,2010,29700
14209,2010,39900
14211,2010,57900
14217,2010,60200
14221,2010,18300
14223,2010,52200
14229,2010,78000
14232,2010,48500
14233,2010,46900
14240,2010,48400
14244,2010,30100
14258,2010,77800
14259,2010,43500
14269,2010,27000
14271,2010,41800
14276,2010,73800
14277,2010,48200
14283,2010,17500
14291,2010,34400
14298,2010,35600
14306,2010,64000
14307,2010,39000
14310,2010,38500
14312,2010,59100
14313,2010,29800
14315,2010,42800
14320,2010,18700
14329,2010,44900
14333,2010,59200
14340,2010,69600
14344,2010,24300
14349,2010,54300
14352,2010,53400
14353,2010,79100
14356,2010,49700
14360,2010,28600
14364,2010,12700
14365,2010,43500
14368,2010,35900
14371,2010,33400
14372,2010,5600
14373,2010,25100
14376,2010,25500
14386,2010,23700
14389,2010,33100
14393,2010,22000
14394,2010,53200
14401,2010,35300
14407,2010,38000
14422,2010,20700
14427,2010,53800
14434,2010,33900
14447,2010,74900
14448,2010,132900
14451,2010,31800
14455,2010,78400
14460,2010,67300
14464,2010,79200
14466,2010,19500
14472,2010,36600
14479,2010,30900
14483,2010,111500
14489,2010,45400
14499,2010,49500
14505,2010,52200
14508,2010,15500
14515,2010,17300
14520,2010,20900
14521,2010,46800
14526,2010,65600
14529,2010,26000
14534,2010,34400
14558,2010,7500
14563,2010,38400
14565,2010,76200
14570,2010,50500
14574,2010,139000
14580,2010,41300
14582,2010,47900
14585,2010,35900
14588,2010,9800
14589,2010,52300
14612,2010,42800
14627,2010,32100
14631,2010,37000
14632,2010,78800
14633,2010,38000
14639,2010,50200
14648,2010,55100
14658,2010,37900
14659,2010,36600
14661,2010,21500
14666,2010,28200
14671,2010,54400
14677,2010,23300
14689,2010,14500
14691,2010,29500
14692,2010,31700
14700,2010,58300
14703,2010,49600
14707,2010,56600
14709,2010,31400
14714,2010,26300
14718,2010,54800
14719,2010,19100
14724,2010,56000
14725,2010,37700
14726,2010,21400
14728,2010,30100
14737,2010,37800
14746,2010,12400
14747,2010,38700
14749,2010,32700
14750,2010,30300
14754,2010,50500
14755,2010,26500
14756,2010,24500
14762,2010,86600
14796,2010,12800
14813,2010,10800
14833,2010,21200
14841,2010,5900
14848,2010,45600
14870,2010,44100
14871,2010,75300
14877,2010,17600
14881,2010,107400
14882,2010,54500
14891,2010,54600
14892,2010,53100
14895,2010,44300
14904,2010,87000
14921,2010,11400
14922,2010,18000
14927,2010,44500
14931,2010,13400
14935,2010,28500
14946,2010,46700
14951,2010,29700
14953,2010,40400
14954,2010,17300
14955,2010,31600
14959,2010,58900
14961,2010,16800
14962,2010,43400
14965,2010,43500
14967,2010,56100
14970,2010,12000
14978,2010,16000
14983,2010,35900
14984,2010,78400
14985,2010,53800
14993,2010,37700
14994,2010,34200
14995,2010,22400
15002,2010,76500
15003,2010,98300
15004,2010,58200
15017,2010,46100
15020,2010,46800
15025,2010,27600
15026,2010,20200
15033,2010,25100
15043,2010,74400
15049,2010,72400
15050,2010,24700
15054,2010,46500
15062,2010,8000
15072,2010,3000
15078,2010,34300
15087,2010,40000
15088,2010,58100
15098,2010,34200
15099,2010,55300
15102,2010,44200
15106,2010,50300
15110,2010,73500
15115,2010,28500
15121,2010,37100
15122,2010,32100
15130,2010,39900
15148,2010,43000
15151,2010,49100
15192,2010,49800
15195,2010,54700
15199,2010,47300
15200,2010,32800
15202,2010,47200
15203,2010,43100
15204,2010,18300
15215,2010,47400
15224,2010,33900
15225,2010,24500
15245,2010,81600
15246,2010,39800
15249,2010,44200
15261,2010,22500
15267,2010,7800
15314,2010,49500
15317,2010,56100
15328,2010,20400
15330,2010,44400
15335,2010,32500
15342,2010,26100
15354,2010,44200
15358,2010,42400
15364,2010,43600
15377,2010,15000
15380,2010,33200
15381,2010,25400
15384,2010,86800
15387,2010,34300
15390,2010,49600
15392,2010,11200
15394,2010,33000
15397,2010,48700
15398,2010,46100
15404,2010,45500
15405,2010,64400
15409,2010,27200
15414,2010,78700
15419,2010,26300
15426,2010,38300
15434,2010,20100
15435,2010,17900
15436,2010,14600
15437,2010,30400
15442,2010,38800
15444,2010,44100
15445,2010,22900
15447,2010,53500
15450,2010,50800
15451,2010,45600
15465,2010,14500
15473,2010,50500
15484,2010,12700
15492,2010,23000
15496,2010,28600
15500,2010,45700
15501,2010,32300
15509,2010,47100
15510,2010,81100
15520,2010,34700
15529,2010,26300
15532,2010,28900
15533,2010,61100
15534,2010,17000
15538,2010,45900
15544,2010,56500
15546,2010,35500
15551,2010,75500
15555,2010,41100
15556,2010,44500
15557,2010,40100
15559,2010,60100
15567,2010,68500
15572,2010,73300
15585,2010,21100
15587,2010,51100
15589,2010,36400
15591,2010,11900
15592,2010,18500
15593,2010,50000
15594,2010,71400
15601,2010,54700
15604,2010,38000
15608,2010,25300
15611,2010,54000
15619,2010,27100
15620,2010,39300
15622,2010,6400
15627,2010,45400
15628,2010,33400
15630,2010,38500
15632,2010,46600
15651,2010,32300
15658,2010,27400
15661,2010,28400
15662,2010,14000
15666,2010,41400
15670,2010,59200
15673,2010,38600
15675,2010,33800
15695,2010,52400
15696,2010,39700
15698,2010,43400
15699,2010,58400
15701,2010,66100
15719,2010,18900
15720,2010,43400
15727,2010,76000
15728,2010,11300
15729,2010,25300
15731,2010,20100
15733,2010,7300
15734,2010,10300
15737,2010,28000
15740,2010,13900
15742,2010,15300
15748,2010,25500
15758,2010,62000
15761,2010,33800
15765,2010,77300
15771,2010,40200
15773,2010,52000
15775,2010,58700
15780,2010,43500
15803,2010,20900
15806,2010,16600
15810,2010,46200
15813,2010,28200
15849,2010,37400
15851,2010,51800
15854,2010,63100
15856,2010,58900
15858,2010,40200
15859,2010,29700
15860,2010,23900
15866,2010,23500
15867,2010,64300
15873,2010,39200
15875,2010,42600
15883,2010,23300
15887,2010,71900
15916,2010,39900
15925,2010,41800
15928,2010,60100
15938,2010,48000
15951,2010,47300
15957,2010,54800
15970,2010,32400
15971,2010,129400
15980,2010,47400
15981,2010,36000
15982,2010,16700
15989,2010,49900
15991,2010,47400
15996,2010,22400
15997,2010,31500
16000,2010,33900
16010,2010,52700
16013,2010,62000
16020,2010,22600
16022,2010,31400
16023,2010,54400
16024,2010,26700
16031,2010,22400
16033,2010,12100
16036,2010,33400
16050,2010,58100
16076,2010,29100
16082,2010,36700
16084,2010,25100
16125,2010,18200
16128,2010,30700
16129,2010,34200
16134,2010,52900
16136,2010,15900
16149,2010,6900
16158,2010,46300
16168,2010,25400
16187,2010,26800
16204,2010,25900
16210,2010,44200
16217,2010,71700
16227,2010,74300
16228,2010,81700
16229,2010,46600
16254,2010,38500
16291,2010,49000
16292,2010,61200
16301,2010,45700
16314,2010,79000
16324,2010,27400
16331,2010,23800
16333,2010,8500
16344,2010,68200
16350,2010,71800
16363,2010,26000
16365,2010,34200
16385,2010,73700
16395,2010,26500
16399,2010,81500
16403,2010,45200
16410,2010,10900
16411,2010,110200
16413,2010,39500
16414,2010,16000
16433,2010,63700
16436,2010,40900
16443,2010,44300
16446,2010,66100
16480,2010,11400
16481,2010,59200
16487,2010,51500
16500,2010,21900
16501,2010,36600
16524,2010,42200
16527,2010,19900
16536,2010,13100
16541,2010,15700
16554,2010,26300
16562,2010,28100
16566,2010,35700
16573,2010,48900
16576,2010,7400
16590,2010,43700
16599,2010,53800
16600,2010,59800
16601,2010,32700
16603,2010,87600
16604,2010,15900
16611,2010,33100
16625,2010,21500
16635,2010,51000
16641,2010,32400
16644,2010,38500
16650,2010,64000
16652,2010,30900
16655,2010,53000
16661,2010,34700
16662,2010,45800
16667,2010,22800
16672,2010,40300
16679,2010,33500
16681,2010,31800
16685,2010,65600
16687,2010,31200
16691,2010,44100
16692,2010,20000
16699,2010,16600
16705,2010,39100
16709,2010,20400
16713,2010,48800
16720,2010,25700
16721,2010,14900
16723,2010,35400
16724,2010,42100
16725,2010,16900
16726,2010,42100
16727,2010,46100
16728,2010,55200
16730,2010,27400
16731,2010,16700
16804,2010,30800
16805,2010,33500
16809,2010,38800
16810,2010,39600
16831,2010,47400
16848,2010,43700
16860,2010,44600
16865,2010,11800
16866,2010,55100
16873,2010,50000
16874,2010,44400
16875,2010,27200
16882,2010,16100
16884,2010,27100
16888,2010,44500
16898,2010,26800
16899,2010,72300
16905,2010,68800
16914,2010,25500
16929,2010,14600
16930,2010,37800
16944,2010,12400
16960,2010,52500
16972,2010,50300
16979,2010,25800
16987,2010,12500
16992,2010,32800
17003,2010,39900
17017,2010,42000
17035,2010,7400
17045,2010,5000
17049,2010,49100
17054,2010,39900
17057,2010,36500
17070,2010,40800
17077,2010,28900
17085,2010,47000
17087,2010,19200
17108,2010,50900
17116,2010,15500
17117,2010,14600
17129,2010,21900
17130,2010,20500
17134,2010,30500
17136,2010,17100
17142,2010,83500
17155,2010,32300
17162,2010,46100
17174,2010,31200
17178,2010,75800
17180,2010,36700
17182,2010,47000
17183,2010,46200
17184,2010,68000
17185,2010,72300
17188,2010,71300
17193,2010,40600
17203,2010,40700
17205,2010,13800
17211,2010,71800
17213,2010,60100
17214,2010,136400
17216,2010,73500
17217,2010,31600
17234,2010,47000
17241,2010,78300
17243,2010,20100
17246,2010,60300
17247,2010,8700
17251,2010,21600
17254,2010,38500
17281,2010,64300
17282,2010,77500
17283,2010,25700
17292,2010,24900
17298,2010,41400
17312,2010,24500
17322,2010,7100
17323,2010,22000
17325,2010,15600
17326,2010,27400
17328,2010,40400
17329,2010,18800
17330,2010,52800
17331,2010,63000
17333,2010,25000
17334,2010,34700
17335,2010,41000
17339,2010,38600
17340,2010,44700
17342,2010,24900
17343,2010,17100
17345,2010,32200
17348,2010,33600
17359,2010,26200
17371,2010,31700
17372,2010,52500
17373,2010,37400
17374,2010,51200
17379,2010,68000
17380,2010,75500
17387,2010,28000
17388,2010,34600
17389,2010,34900
17399,2010,18400
17400,2010,62800
17401,2010,39600
17411,2010,24100
17414,2010,49600
17419,2010,28200
17431,2010,32100
17444,2010,27300
17466,2010,57400
17479,2010,52500
17488,2010,41000
17500,2010,45100
17507,2010,19600
17516,2010,36400
17519,2010,50600
17528,2010,31400
17533,2010,2000
17538,2010,17600
17546,2010,30900
17547,2010,43500
17548,2010,39900
17553,2010,61600
17556,2010,52200
17557,2010,29200
17559,2010,55600
17562,2010,3300
17572,2010,58200
17576,2010,30700
17586,2010,30900
17587,2010,48100
17589,2010,29000
17592,2010,22700
17595,2010,58600
17600,2010,79900
17603,2010,51300
17623,2010,40900
17625,2010,57500
17629,2010,32500
17632,2010,24200
17647,2010,33700
17656,2010,33200
17670,2010,39600
17683,2010,32100
17705,2010,49100
17713,2010,30100
17724,2010,23500
17727,2010,35300
17735,2010,44800
17744,2010,47000
17749,2010,23100
17753,2010,30600
17754,2010,44800
17755,2010,15500
17758,2010,54100
17763,2010,22400
17771,2010,43800
17772,2010,38000
17799,2010,41500
17808,2010,60200
17827,2010,38600
17836,2010,47300
17845,2010,49400
17880,2010,36700
17885,2010,33300
17891,2010,20800
17892,2010,31200
17896,2010,42600
17916,2010,28000
17919,2010,43800
17920,2010,75600
17921,2010,44700
17923,2010,40900
17924,2010,30200
17925,2010,39800
17930,2010,24600
17931,2010,30100
17932,2010,35500
17959,2010,18900
17964,2010,84700
17986,2010,46400
18015,2010,54900
18016,2010,20000
18021,2010,32700
18030,2010,24300
18032,2010,68700
18043,2010,42400
18061,2010,70700
18102,2010,68700
18127,2010,42000
18166,2010,139300
18171,2010,30400
18177,2010,29200
18203,2010,45700
18207,2010,29700
18213,2010,47000
18214,2010,29100
18219,2010,17900
18224,2010,39500
18263,2010,45900
18283,2010,25800
18288,2010,37700
18289,2010,29100
18294,2010,49900
18308,2010,37900
18314,2010,12500
18315,2010,24700
18348,2010,22200
18361,2010,45000
18365,2010,36400
18373,2010,23000
18378,2010,27100
18382,2010,14600
18404,2010,52100
18405,2010,52300
18418,2010,19700
18424,2010,39200
18425,2010,40500
18429,2010,44400
18431,2010,60700
18442,2010,64600
18464,2010,35200
18465,2010,40500
18472,2010,6300
18486,2010,46800
18492,2010,27800
18493,2010,36600
18494,2010,55800
18496,2010,20200
18499,2010,29700
18503,2010,23600
18509,2010,35300
18521,2010,44100
18527,2010,26300
18534,2010,34300
18538,2010,34800
18548,2010,15800
18560,2010,27300
18568,2010,61400
18574,2010,62000
18575,2010,23800
18579,2010,34400
18581,2010,46200
18586,2010,33000
18626,2010,30100
18629,2010,13400
18637,2010,37800
18648,2010,22500
18669,2010,65600
18702,2010,38300
18742,2010,32000
18749,2010,55200
18768,2010,46100
18769,2010,41600
18780,2010,22600
18797,2010,26000
18809,2010,28100
18816,2010,22500
18838,2010,54700
18843,2010,23300
18855,2010,22300
18864,2010,40500
18868,2010,46400
18870,2010,29000
18872,2010,40800
18873,2010,27900
18880,2010,62100
18883,2010,51700
18889,2010,51100
18894,2010,31600
18895,2010,91600
18899,2010,81900
18901,2010,87500
18910,2010,34700
18911,2010,27100
18913,2010,47500
18926,2010,148200
18943,2010,21100
18951,2010,23800
18952,2010,26100
18954,2010,8900
18956,2010,71800
18957,2010,65700
18958,2010,70200
18962,2010,60900
18963,2010,30000
18967,2010,27200
18969,2010,33800
18972,2010,42300
18995,2010,30600
19007,2010,105800
19010,2010,40900
19017,2010,27800
19025,2010,4100
19032,2010,22900
19034,2010,24100
19053,2010,38900
19055,2010,30100
19057,2010,64400
19065,2010,50300
19066,2010,22100
19067,2010,36700
19068,2010,41100
19072,2010,48500
19083,2010,32100
19101,2010,41100
19121,2010,26900
19127,2010,62100
19167,2010,35400
19168,2010,55800
19171,2010,26100
19174,2010,37300
19177,2010,28800
19178,2010,35600
19180,2010,24600
19181,2010,43100
19184,2010,32000
19185,2010,38800
19190,2010,13000
19192,2010,59300
19193,2010,60600
19194,2010,33700
19196,2010,26800
19197,2010,110300
19210,2010,31500
19211,2010,30100
19218,2010,58100
19222,2010,25000
19223,2010,4200
19226,2010,27500
19227,2010,51100
19228,2010,28600
19230,2010,33600
19231,2010,26800
19232,2010,31200
19234,2010,30800
19235,2010,35200
19236,2010,21800
19237,2010,40500
19238,2010,13900
19239,2010,20900
19240,2010,35100
19241,2010,41200
19242,2010,29700
19243,2010,20500
19250,2010,38000
19253,2010,27100
19254,2010,17900
19273,2010,44000
19277,2010,45300
19278,2010,61100
19279,2010,28900
19284,2010,41700
19291,2010,22400
19303,2010,33300
19332,2010,81700
19357,2010,11400
19359,2010,94500
19376,2010,45500
19378,2010,45800
19401,2010,33600
19412,2010,43400
19419,2010,36300
19428,2010,56700
19435,2010,28500
19441,2010,6800
19473,2010,45500
19488,2010,21400
19498,2010,29800
19501,2010,28600
19522,2010,42900
19527,2010,35600
19531,2010,33300
19536,2010,62500
19538,2010,38700
19545,2010,69700
19564,2010,41200
19565,2010,23400
19566,2010,56000
19571,2010,41100
19577,2010,42100
19582,2010,37000
19584,2010,73600
19594,2010,13600
19603,2010,20400
19606,2010,35200
19609,2010,36800
19613,2010,22900
19618,2010,31800
19620,2010,29700
19621,2010,65600
19629,2010,24100
19636,2010,30300
19643,2010,25100
19652,2010,41500
19656,2010,55200
19657,2010,29300
19660,2010,12700
19663,2010,48300
19669,2010,66800
19672,2010,24600
19673,2010,35000
19696,2010,23800
19698,2010,36700
19703,2010,36300
19706,2010,44100
19708,2010,23000
19723,2010,30800
19724,2010,16700
19740,2010,30100
19742,2010,38600
19749,2010,102500
19834,2010,13200
19840,2010,33600
19882,2010,23700
19888,2010,7600
19898,2010,17200
19902,2010,29300
19904,2010,12600
19907,2010,27700
19912,2010,18000
19913,2010,29400
19919,2010,66800
19920,2010,17900
19934,2010,25300
19942,2010,34900
19978,2010,33100
19992,2010,26900
19994,2010,40600
19998,2010,25800
20000,2010,26500
20009,2010,58800
20015,2010,32100
20019,2010,20100
20021,2010,38700
20025,2010,28900
20028,2010,32400
20029,2010,37100
20030,2010,32300
20047,2010,14800
20147,2010,51700
20152,2010,75100
20154,2010,53200
20156,2010,47600
20158,2010,62100
20162,2010,35000
20166,2010,34600
20186,2010,51200
20196,2010,40000
20202,2010,19200
20203,2010,54200
20204,2010,52200
20207,2010,42400
20208,2010,28600
20212,2010,36400
20213,2010,94700
20216,2010,51000
20224,2010,25500
20228,2010,44300
20229,2010,18800
20233,2010,45700
20256,2010,36400
20263,2010,7800
20269,2010,48000
20270,2010,91800
20285,2010,20000
20288,2010,45600
20290,2010,72600
20303,2010,30200
20317,2010,41900
20321,2010,36900
20329,2010,31300
20331,2010,31300
20332,2010,51400
20336,2010,6900
20341,2010,40900
20342,2010,31900
20343,2010,7200
20355,2010,98800
20361,2010,40400
20363,2010,56700
20379,2010,28300
20403,2010,32200
20413,2010,45900
20423,2010,33700
20428,2010,23100
20446,2010,14300
20449,2010,23600
20454,2010,31300
20460,2010,19600
20468,2010,32600
20472,2010,27300
20480,2010,22500
20482,2010,23800
20489,2010,35900
20493,2010,34500
20504,2010,29900
20507,2010,6600
20508,2010,65200
20509,2010,41700
20519,2010,19200
20526,2010,48100
20530,2010,35800
20531,2010,51400
20532,2010,43300
20534,2010,44700
20562,2010,10900
20594,2010,10600
20596,2010,70100
20597,2010,20100
20613,2010,4400
20615,2010,40700
20617,2010,34200
20623,2010,69800
20624,2010,35400
20626,2010,92400
20647,2010,40600
20656,2010,4600
20663,2010,54400
20664,2010,24500
20665,2010,33400
20668,2010,37300
20671,2010,19300
20677,2010,29000
20681,2010,32600
20686,2010,17400
20706,2010,31700
20707,2010,13500
20732,2010,19400
20739,2010,62100
20754,2010,37700
20786,2010,87700
20804,2010,26900
20843,2010,33000
20857,2010,39400
20881,2010,37700
20898,2010,5800
20908,2010,37900
20914,2010,14800
20959,2010,44400
20978,2010,41000
21038,2010,53800
21042,2010,20800
21065,2010,41600
21080,2010,54200
21084,2010,47200
21085,2010,18300
21093,2010,1400
21100,2010,76400
21101,2010,42500
21103,2010,109500
21104,2010,65700
21108,2010,48700
21110,2010,41900
21111,2010,42100
21112,2010,36600
21115,2010,35500
21116,2010,59200
21118,2010,40800
21119,2010,42600
21121,2010,44100
21122,2010,77900
21123,2010,43000
21125,2010,77400
21127,2010,11700
21131,2010,59100
21133,2010,50600
21136,2010,38900
21139,2010,39800
21141,2010,14900
21144,2010,99900
21148,2010,53600
21149,2010,80300
21150,2010,59500
21152,2010,53300
21153,2010,44200
21154,2010,35200
21156,2010,54500
21159,2010,53500
21160,2010,43800
21161,2010,79100
21164,2010,36800
21168,2010,14900
21173,2010,43100
21175,2010,51900
21176,2010,46800
21178,2010,69100
21179,2010,38800
21180,2010,51600
21181,2010,23500
21183,2010,63800
21185,2010,39000
21188,2010,36300
21191,2010,29000
21192,2010,42300
21193,2010,39900
21195,2010,33900
21196,2010,49300
21197,2010,48600
21200,2010,34700
21202,2010,52800
21207,2010,49700
21208,2010,54000
21214,2010,39500
21216,2010,64600
21220,2010,19400
21224,2010,27300
21226,2010,60200
21228,2010,30900
21235,2010,44800
21238,2010,42900
21239,2010,50000
21240,2010,25700
21242,2010,52200
21243,2010,69200
21247,2010,46300
21248,2010,50100
21250,2010,60900
21253,2010,65300
21259,2010,41300
21263,2010,40200
21266,2010,66000
21268,2010,48400
21272,2010,44700
21273,2010,23100
21274,2010,80900
21278,2010,34400
21280,2010,30500
21281,2010,24000
21282,2010,53000
21284,2010,29600
21291,2010,23500
21292,2010,61700
21300,2010,37800
21302,2010,89700
21306,2010,52500
21313,2010,53400
21321,2010,37500
21328,2010,60700
21344,2010,46200
21357,2010,43900
21363,2010,49200
21397,2010,51200
21398,2010,33200
21413,2010,49300
21422,2010,60100
21430,2010,32600
21433,2010,39100
21439,2010,55100
21444,2010,36100
21452,2010,45200
21453,2010,40600
21455,2010,44700
21458,2010,22400
21467,2010,36600
21479,2010,35900
21501,2010,40100
21514,2010,8000
21520,2010,31500
21521,2010,96400
21522,2010,35400
21532,2010,31200
21540,2010,36600
21548,2010,21100
21569,2010,81900
21574,2010,40500
21586,2010,7700
21613,2010,30700
21627,2010,33600
21632,2010,20500
21639,2010,81000
21671,2010,39200
21673,2010,55600
21674,2010,64100
21682,2010,42400
21686,2010,45800
21688,2010,123700
21690,2010,7200
21691,2010,39500
21704,2010,53000
21706,2010,44600
21708,2010,52400
21727,2010,30500
21729,2010,11900
21740,2010,59900
21742,2010,98900
21747,2010,51500
21751,2010,66800
21761,2010,27300
21763,2010,44200
21764,2010,54600
21766,2010,25000
21767,2010,55700
21768,2010,39000
21769,2010,23400
21772,2010,61900
21776,2010,20100
21781,2010,43900
21782,2010,26700
21784,2010,30100
21788,2010,33500
21793,2010,50800
21795,2010,59700
21796,2010,57800
21799,2010,70200
21803,2010,18100
21804,2010,43100
21806,2010,28500
21810,2010,63100
21811,2010,50000
21812,2010,60800
21815,2010,50200
21816,2010,77200
21825,2010,31300
21826,2010,66400
21828,2010,56900
21837,2010,44200
21839,2010,36400
21843,2010,37000
21848,2010,43600
21850,2010,36900
21852,2010,44900
21854,2010,12900
21855,2010,39400
21857,2010,37700
21860,2010,32600
21863,2010,27800
21864,2010,44700
21866,2010,55300
21868,2010,64400
21869,2010,254200
21870,2010,75300
21873,2010,31500
21875,2010,57000
21877,2010,35400
21879,2010,53700
21881,2010,30400
21882,2010,24000
21886,2010,16300
21887,2010,60600
21888,2010,37800
21891,2010,22500
21893,2010,27200
21894,2010,34900
21897,2010,67500
21899,2010,23800
21907,2010,47700
21909,2010,33800
21910,2010,11700
21912,2010,35300
21916,2010,50100
21923,2010,37600
21929,2010,37000
21931,2010,9500
21935,2010,48400
21940,2010,17000
21943,2010,31200
21953,2010,53700
21955,2010,30100
21957,2010,48100
21958,2010,17600
21962,2010,44900
21964,2010,39300
21967,2010,83700
22083,2010,38000
22086,2010,42600
22087,2010,71300
22089,2010,28300
22090,2010,57400
22092,2010,28400
22093,2010,22500
22096,2010,74400
22098,2010,94300
22102,2010,110000
22104,2010,32800
22111,2010,28400
22115,2010,67000
22116,2010,45500
22120,2010,31400
22121,2010,30600
22122,2010,74200
22127,2010,34800
22128,2010,45700
22129,2010,34400
22133,2010,73400
22136,2010,32200
22138,2010,29500
22139,2010,36300
22141,2010,36000
22142,2010,12500
22144,2010,38200
22165,2010,44800
22167,2010,132800
22172,2010,28400
22179,2010,23400
22180,2010,59400
22196,2010,25300
22199,2010,42700
22200,2010,27300
22208,2010,60500
22211,2010,6600
22225,2010,39200
22238,2010,32700
22242,2010,63400
22251,2010,40700
22252,2010,29900
22256,2010,35800
22266,2010,40900
22275,2010,48500
22284,2010,60900
22285,2010,70200
22287,2010,73400
22291,2010,46800
22295,2010,56700
22296,2010,38600
22297,2010,31600
22302,2010,74300
22308,2010,49400
22315,2010,48800
22322,2010,47200
22331,2010,53900
22339,2010,54000
22345,2010,38300
22350,2010,56100
22353,2010,29800
22354,2010,60400
22356,2010,47900
22363,2010,61400
22373,2010,38400
22375,2010,91300
22381,2010,55100
22382,2010,34800
22383,2010,19500
22384,2010,41900
22387,2010,62900
22388,2010,40300
22391,2010,52500
22392,2010,36800
22394,2010,22200
22399,2010,29700
22401,2010,36900
22402,2010,37900
22404,2010,46400
22406,2010,39900
22407,2010,48500
22413,2010,30100
22417,2010,18400
22420,2010,58500
22423,2010,32100
22424,2010,12200
22425,2010,66100
22426,2010,52400
22440,2010,41700
22446,2010,20400
22448,2010,40900
22477,2010,18900
22490,2010,19700
22500,2010,48900
22510,2010,52000
22518,2010,103500
22520,2010,30900
22531,2010,20300
22538,2010,32900
22539,2010,36500
22547,2010,30000
22550,2010,7500
22553,2010,64000
22554,2010,16400
22558,2010,13300
22563,2010,66000
22565,2010,39700
22568,2010,50500
22571,2010,32000
22572,2010,2600
22576,2010,28700
22593,2010,51000
22594,2010,38400
22595,2010,33400
22597,2010,44100
22598,2010,30400
22604,2010,15000
22605,2010,62000
22607,2010,43900
22608,2010,10000
22612,2010,19400
22614,2010,72700
22617,2010,42000
22620,2010,28000
22630,2010,51300
22631,2010,37600
22639,2010,36700
22655,2010,45400
22657,2010,57900
22664,2010,47300
22665,2010,61100
22668,2010,6500
22675,2010,23500
22676,2010,36100
22684,2010,72000
22686,2010,56400
22688,2010,34700
22689,2010,33600
22691,2010,33800
22696,2010,32400
22698,2010,22000
22718,2010,11700
22722,2010,32000
22753,2010,27400
22754,2010,49200
22764,2010,18800
22765,2010,31100
22767,2010,53400
22772,2010,71900
22777,2010,46500
22786,2010,38200
22804,2010,33800
22814,2010,22800
22815,2010,41600
22817,2010,65700
22824,2010,67400
22827,2010,48200
22828,2010,29400
22829,2010,25900
22831,2010,43300
22833,2010,28600
22835,2010,53100
22849,2010,36300
22851,2010,52500
22853,2010,32700
22854,2010,27200
22857,2010,35300
22860,2010,36600
22861,2010,63900
22869,2010,58500
22879,2010,38300
22882,2010,86800
22891,2010,19700
22893,2010,54400
22898,2010,7900
22899,2010,95000
22900,2010,55400
22902,2010,28600
22903,2010,7400
22907,2010,61800
22908,2010,34300
22913,2010,13600
22916,2010,42400
22938,2010,18700
22943,2010,10200
22944,2010,29800
22945,2010,22400
22969,2010,50100
22976,2010,24700
22980,2010,125700
22981,2010,32500
22984,2010,29700
22995,2010,77900
23010,2010,31000
23013,2010,18500
23016,2010,41300
23019,2010,50800
23020,2010,18600
23021,2010,49700
23026,2010,20800
23029,2010,14200
23030,2010,21000
23031,2010,34400
23032,2010,31700
23035,2010,32700
23041,2010,24800
23044,2010,35200
23052,2010,28500
23059,2010,29100
23060,2010,40500
23062,2010,12300
23064,2010,53200
23070,2010,35000
23071,2010,43300
23074,2010,31500
23079,2010,68900
23088,2010,28600
23092,2010,50000
23094,2010,19000
23095,2010,30200
23101,2010,34000
23104,2010,23900
23105,2010,65600
23111,2010,66600
23112,2010,31100
23119,2010,69100
23121,2010,41500
23122,2010,46700
23130,2010,42400
23132,2010,20900
23135,2010,62600
23137,2010,81900
23139,2010,53000
23140,2010,39300
23142,2010,68700
23144,2010,45100
23145,2010,52100
23148,2010,35600
23151,2010,42700
23152,2010,85100
23163,2010,49200
23171,2010,53100
23179,2010,10500
23187,2010,56900
23188,2010,34600
23189,2010,20400
23191,2010,19500
23192,2010,55200
23196,2010,53800
23197,2010,64400
23199,2010,14100
23200,2010,16600
23206,2010,9900
23208,2010,12000
23229,2010,10100
23246,2010,26200
23247,2010,16700
23262,2010,47300
23265,2010,21300
23269,2010,23200
23283,2010,41600
23288,2010,23700
23301,2010,20500
23302,2010,33300
23307,2010,27800
23308,2010,29900
23312,2010,51000
23314,2010,33400
23319,2010,68500
23320,2010,70800
23324,2010,14900
23326,2010,55800
23332,2010,40800
23337,2010,37000
23346,2010,20200
23348,2010,59600
23354,2010,64000
23355,2010,43300
23358,2010,86700
23359,2010,15100
23361,2010,49600
23366,2010,45600
23372,2010,28800
23376,2010,46600
23377,2010,46800
23378,2010,57200
23382,2010,51800
23383,2010,42400
23391,2010,22100
23403,2010,34100
23412,2010,14400
23428,2010,32900
23439,2010,45100
23449,2010,42800
23452,2010,47500
23460,2010,82900
23462,2010,33400
23485,2010,60700
23486,2010,34100
23492,2010,39700
23502,2010,32100
23503,2010,37500
23507,2010,72500
23533,2010,35800
23541,2010,51300
23542,2010,54400
23549,2010,59400
23550,2010,42900
23551,2010,50100
23554,2010,28900
23555,2010,43400
23556,2010,37200
23557,2010,15800
23562,2010,40200
23563,2010,63600
23565,2010,44700
23566,2010,95100
23571,2010,13100
23572,2010,54800
23585,2010,35200
23595,2010,35100
23598,2010,27000
23722,2010,16600
23729,2010,36200
23730,2010,52900
23732,2010,27300
23741,2010,36100
23745,2010,27700
23758,2010,21500
23759,2010,27500
23760,2010,36600
23762,2010,14200
23763,2010,62400
23767,2010,15900
23768,2010,22100
23775,2010,42900
23780,2010,6000
23786,2010,31700
23787,2010,50500
23788,2010,59400
23789,2010,16200
23791,2010,29700
23793,2010,48000
23806,2010,55600
23812,2010,19500
23815,2010,18100
23826,2010,37900
23836,2010,46300
23847,2010,56500
23849,2010,38700
23852,2010,19800
23858,2010,33100
23861,2010,17900
23862,2010,9900
23864,2010,53200
23866,2010,40300
23867,2010,48100
23868,2010,59000
23879,2010,19500
23881,2010,81900
23884,2010,27200
23890,2010,12200
23891,2010,23300
23899,2010,56200
23902,2010,60200
23903,2010,47200
23908,2010,26700
23909,2010,12000
23912,2010,44800
23913,2010,27100
23914,2010,23300
23915,2010,41600
23925,2010,30400
23931,2010,37800
23932,2010,75500
23937,2010,32500
23939,2010,37900
23942,2010,59300
23945,2010,4300
23947,2010,47100
23951,2010,13600
23952,2010,4900
23953,2010,35100
23955,2010,24500
23966,2010,50200
23967,2010,51200
23968,2010,15000
24197,2010,96700
24198,2010,26600
24210,2010,19100
24219,2010,25400
24222,2010,56900
24225,2010,14800
24226,2010,21900
24230,2010,32200
24232,2010,27000
24233,2010,30200
24237,2010,48900
24240,2010,27400
24249,2010,44700
24252,2010,22200
24256,2010,23200
24257,2010,22500
24260,2010,25800
24263,2010,21000
24266,2010,22100
24272,2010,12200
24273,2010,48100
24274,2010,37500
24275,2010,99300
24278,2010,19700
24281,2010,16300
24285,2010,46500
24293,2010,62500
24643,2010,72900
24645,2010,45500
24646,2010,25600
24662,2010,37100
24663,2010,64800
24665,2010,32400
24666,2010,65200
24675,2010,37000
24680,2010,15100
24681,2010,28100
24685,2010,58400
24689,2010,50300
24691,2010,31500
24694,2010,58800
24698,2010,4800
24701,2010,15200
24704,2010,40600
24706,2010,13900
24707,2010,34600
24709,2010,69700
24710,2010,35100
24711,2010,38200
24715,2010,57500
24716,2010,80100
24718,2010,52600
24719,2010,54300
24720,2010,56500
24723,2010,55900
24728,2010,24700
24733,2010,41700
24742,2010,56500
24745,2010,48800
24753,2010,204300
24754,2010,20400
24755,2010,39500
24757,2010,44500
24759,2010,32400
24760,2010,18000
24761,2010,51400
24768,2010,71100
24778,2010,61600
24782,2010,40700
24789,2010,58700
24791,2010,47500
24797,2010,65100
24799,2010,70500
24801,2010,46200
24808,2010,18000
24810,2010,6600
24812,2010,37700
24815,2010,76300
24820,2010,53500
24824,2010,40600
24828,2010,65100
24830,2010,31200
24833,2010,30100
27257,2010,54700
27258,2010,48000
27259,2010,55200
27264,2010,45900
27269,2010,36400
27270,2010,31800
27276,2010,52400
27277,2010,23000
27278,2010,35100
27280,2010,25000
27281,2010,34300
27282,2010,48200
27285,2010,12700
27298,2010,67200
27300,2010,30200
27304,2010,97200
27306,2010,54500
27309,2010,21400
27754,2010,19100
27755,2010,34000
27756,2010,47800
27758,2010,52800
27770,2010,37900
27779,2010,65500
27784,2010,48500
27785,2010,47600
27786,2010,46500
27789,2010,61500
27790,2010,29900
27792,2010,54800
27793,2010,33000
27794,2010,33100
27795,2010,98000
27796,2010,42400
27797,2010,16700
27802,2010,114800
27807,2010,48900
27808,2010,72300
27809,2010,26200
27813,2010,33600
27821,2010,42900
27822,2010,42600
27823,2010,115800
27855,2010,41300
27857,2010,20700
27859,2010,8900
27865,2010,36500
27873,2010,32500
27875,2010,2500
27880,2010,35100
27891,2010,16600
27898,2010,32500
27905,2010,49300
27912,2010,13700
27914,2010,65800
27920,2010,41000
27928,2010,7100
27944,2010,25500
27945,2010,29600
27946,2010,4400
27949,2010,31300
27953,2010,31500
27958,2010,45600
27962,2010,38500
27963,2010,35400
27966,2010,18200
27968,2010,26900
27974,2010,70500
27976,2010,71100
28205,2010,15700
28208,2010,66400
28210,2010,122500
28212,2010,9100
28213,2010,40400
28219,2010,22300
28220,2010,31100
28221,2010,23000
28222,2010,16100
28223,2010,37700
28224,2010,84800
28225,2010,51700
28226,2010,25500
28227,2010,29600
28236,2010,51700
28237,2010,38900
28246,2010,38200
28248,2010,75100
28258,2010,10500
28261,2010,66300
28266,2010,30500
28269,2010,22200
28272,2010,78200
28273,2010,12000
28275,2010,23900
28276,2010,35900
28277,2010,26000
28278,2010,26600
28284,2010,36100
28285,2010,32400
28287,2010,62100
28289,2010,54900
28290,2010,75500
28307,2010,30100
28319,2010,44800
28325,2010,89000
28327,2010,20500
28333,2010,85800
28335,2010,54500
28343,2010,53000
28344,2010,117000
28353,2010,58200
28356,2010,85800
28357,2010,28200
28364,2010,56900
28368,2010,38600
28374,2010,38700
28383,2010,23200
28389,2010,33200
28393,2010,56500
28398,2010,27300
28405,2010,17700
28407,2010,56200
28413,2010,24200
28414,2010,10800
28437,2010,18500
28446,2010,55700
28454,2010,48300
28456,2010,36900
28457,2010,42300
28460,2010,36000
28462,2010,41800
28465,2010,46300
28467,2010,97600
28468,2010,35400
28469,2010,116700
28470,2010,37000
28476,2010,64200
28479,2010,28100
28480,2010,24800
28486,2010,47100
28489,2010,45800
28491,2010,40400
28493,2010,34100
28496,2010,42500
28499,2010,18000
28500,2010,32800
28502,2010,32800
28503,2010,60300
28505,2010,32300
28510,2010,37400
28517,2010,75100
28521,2010,24700
28522,2010,33400
28523,2010,31600
28526,2010,21100
28527,2010,43200
28529,2010,22300
28534,2010,41000
28535,2010,33200
28536,2010,33000
28537,2010,21000
28538,2010,58100
28539,2010,52200
28541,2010,21300
28542,2010,48900
28543,2010,36700
28544,2010,27900
28547,2010,37700
28557,2010,58000
28559,2010,51700
28560,2010,40800
28561,2010,48800
28563,2010,52700
28564,2010,29700
28569,2010,39600
28575,2010,15300
28578,2010,6100
28582,2010,53100
28583,2010,31100
28584,2010,32800
28587,2010,42700
28590,2010,43600
28601,2010,35900
28602,2010,7500
28608,2010,32900
28609,2010,48900
28611,2010,62100
28619,2010,27800
28620,2010,28900
28622,2010,69100
28626,2010,67500
28631,2010,53100
28636,2010,20400
28641,2010,44900
28816,2010,45300
28818,2010,27600
28822,2010,81200
28824,2010,21100
28826,2010,31200
28827,2010,44800
28828,2010,48200
28838,2010,4100
28839,2010,54700
28845,2010,79800
28846,2010,39600
28847,2010,45700
28850,2010,45200
28853,2010,34200
28854,2010,48600
28858,2010,80700
28860,2010,48100
28861,2010,61400
28871,2010,66900
28872,2010,39300
28873,2010,55800
28874,2010,27300
28881,2010,69200
28882,2010,30500
28884,2010,42900
28886,2010,78000
28893,2010,36100
28895,2010,8800
28896,2010,32400
28899,2010,50100
28900,2010,27900
28904,2010,88600
28913,2010,30000
28917,2010,70500
28919,2010,45300
28921,2010,36900
28925,2010,32000
28929,2010,81000
28941,2010,24200
28943,2010,33500
28945,2010,27300
28947,2010,50500
28953,2010,79000
28956,2010,41800
28961,2010,41400
28962,2010,63000
28966,2010,33800
28968,2010,23200
28972,2010,69900
28973,2010,41100
28977,2010,24600
28979,2010,33900
28980,2010,57400
28986,2010,9500
28987,2010,33700
28989,2010,20300
28996,2010,46600
29004,2010,58300
29012,2010,43500
29020,2010,51600
29024,2010,36600
29030,2010,6700
29043,2010,1600
29044,2010,47200
29051,2010,55900
29052,2010,48400
29055,2010,9200
29061,2010,108500
29063,2010,39300
29070,2010,58600
29072,2010,49000
29073,2010,25300
29074,2010,65900
29075,2010,44300
29076,2010,36400
29077,2010,36600
29078,2010,20700
29081,2010,59800
29082,2010,33400
29083,2010,12900
29084,2010,35600
29086,2010,48700
29087,2010,19300
29088,2010,21500
29089,2010,26100
29093,2010,19000
29095,2010,56600
29096,2010,42900
29097,2010,36500
29098,2010,41900
29099,2010,43500
29100,2010,29200
29102,2010,33600
29103,2010,42800
29105,2010,41300
29107,2010,52200
29110,2010,24900
29111,2010,25000
29112,2010,32100
29113,2010,24400
29114,2010,44300
29115,2010,42300
29118,2010,34200
29119,2010,22900
29120,2010,66200
29121,2010,34200
29122,2010,36700
29123,2010,22400
29124,2010,50400
29125,2010,20600
29126,2010,29300
29127,2010,48200
29128,2010,34200
29129,2010,16200
29130,2010,63300
29131,2010,48800
29133,2010,13700
29144,2010,60400
29146,2010,58400
29154,2010,38700
29157,2010,31600
29158,2010,44500
29159,2010,40900
29160,2010,30600
29161,2010,21500
29162,2010,29900
29163,2010,45000
29164,2010,49500
29167,2010,48000
29168,2010,9400
29169,2010,76300
29170,2010,55500
29171,2010,50700
29175,2010,26100
29176,2010,26500
29178,2010,56100
29179,2010,35100
29180,2010,32900
29185,2010,23500
29195,2010,46000
29209,2010,50700
29210,2010,12000
29218,2010,64300
29219,2010,30300
29226,2010,40400
29230,2010,53500
29246,2010,25000
29249,2010,31300
29257,2010,45600
29266,2010,25500
29270,2010,30000
29276,2010,19100
29278,2010,32000
29281,2010,39800
29282,2010,29900
29283,2010,40400
29284,2010,13200
29285,2010,35900
29286,2010,5900
29292,2010,56300
29295,2010,22700
29298,2010,65900
29310,2010,71600
29318,2010,23700
29321,2010,37600
29353,2010,56000
29363,2010,49000
29364,2010,33500
29365,2010,17700
29368,2010,37900
29378,2010,34200
29381,2010,31900
29382,2010,43300
29384,2010,15200
29387,2010,39100
29392,2010,24900
